{"cameraMode":{"drawMode":0,"name":"Shaded","section":"Shading Mode"},"sceneLighting":false,"audioPlay":false,"sceneViewState":{"showFog":true,"showMaterialUpdate":true,"showSkybox":true,"showFlares":true,"showImageEffects":true,"showParticleSystems":true},"in2DMode":false,"pivot":{"x":-23.65999984741211,"y":1.3300000429153443,"z":-18.18000030517578},"rotation":{"x":-0.06734485924243927,"y":-0.05535480007529259,"z":0.0037422224413603546,"w":-0.9961860179901123},"size":25.490591049194337,"orthographic":false}