{"cameraMode":{"drawMode":0,"name":"Shaded","section":"Shading Mode"},"sceneLighting":true,"audioPlay":false,"sceneViewState":{"showFog":true,"showMaterialUpdate":true,"showSkybox":true,"showFlares":true,"showImageEffects":true,"showParticleSystems":true},"in2DMode":false,"pivot":{"x":28.100000381469728,"y":1.3499999046325684,"z":34.5},"rotation":{"x":-0.003976614214479923,"y":-0.9843838810920715,"z":0.1745545119047165,"w":-0.022435564547777177},"size":17.03490447998047,"orthographic":false}